,Outlet/Publication,Headline,Hit sentence,Url,Rating
0,acuyuhan.blogspot.com,Experience Unplug Molar," bersahur and breaking of dishes I reason I still not normal nak ngunyah food kat other teeth. Another fear has packed chicken arrive arrive hit place unplug tu, like to not bleed back. 6. Use the mouthwash Last I unplug, nak toothbrush even still caution tau so I even use mouthwash reason occasion brushing is not enough reasons have been part of teeth not be entered into by the brush. Make sure select desserts non alcohol. 7. Scrub your teeth before sleeping The last reason is indeed wrong ni",http://acuyuhan.blogspot.com/2017/05/pengalaman-cabut-gigi-geraham.html,Not Spam
1,thebeautyandglamourblog.blogspot.com,"April compositions | Sephora, KIKO, Glamour-days"," I chose. Szájvizekből (35%), LISTERINE two I took one a traveling presentation was Cool Like that, the only problem is that it is very strongly of menthol and corroded her in my mouth all the time, but the Total Care Sensitive is much more pleasant. As for the matter of make-ups Maybelline Baby Skin primer (-50%) has been kívánságlistás, the póruselfedés, was the main reason I bought it. L ' Oréal Lip Paint (50%) of the brand new, the Hollywood of the 201 Beige",http://thebeautyandglamourblog.blogspot.com/2017/05/aprilisi-szerzemenyek-sephora-kiko.html,Not Spam
2,makyajkelebegi.com,ORAL CARE WATER/SPLAT ULTRA COMPLEX ORAL CARE WATER," after they're used appropriately. Its main purpose is to obtain a roomy by addressing bad breath breath is oral care water, layers of plaque that may occur preventing the teeth cleaning and hence makes to get white teeth. It belongs to many different brands on the market and some are very soft and some are quite hard, so many oral care with juice. The taste is tangy flavor and alcohol smells not really my cup of tea, but Khan despite the alcohol taste that doesn't smell structure with the Splat Ultra Complex Mouthwash",http://www.makyajkelebegi.com/2017/05/agiz-bakim-sulari-splat-ultra-complex.html,Spam
3,tigerbeat.com,Lucy Hale Dishes On Her First Kiss With Ian Harding!,"Lucy Hale and Ian Harding have shared plenty of smooches as #Ezria on ‘ Pretty Little Liars,’ and we’re just dying to know what it was like to film those love scenes! Ian admitted that he “flossed at least three times” and “gargled [mouthwash] between every take,” but Lucy revealed things changed as the series came to a close: “I think when we started working with each other we were both super nervous and making sure we were in tip-top shape, and then towards the end we didn’t care.” A post shared by Pretty Little Liars (@prettylittleliars) on May 9, 2017 at 7:47pm PDT Thankfully, their on-screen chemistry stayed the same. Lucy and Ian are hotter than ever! Think you’re the ultimate ‘PLL’ fan? Test your knowledge with our quiz!",http://tigerbeat.com/2017/05/lucy-hale-ian-harding-first-kiss/,Not Spam
4,twitter.com,[ MouthwashJohn ] @YungCripp My favorite cartoon would be rick and morty or steven universe but I get you and respect you by MouthwashJohn,[ MouthwashJohn ] @YungCripp My favorite cartoon would be rick and morty or steven universe but I get you and respect you,http://twitter.com/MouthwashJohn/statuses/869599575664930818,Spam
5,twitter.com,[ legumedoris ] coffee and listerine tastes bad but u see i need the listerine to counteract the coffee stains??? but then i need more coffee to survive??? by legumedoris,[ legumedoris ] coffee and listerine tastes bad but u see i need the listerine to counteract the coffee stains??? but then i need more coffee to survive???,http://twitter.com/legumedoris/statuses/869583895448109057,Not Spam
6,1grande-fille.blogspot.com,Medium Earn Unkind Eccles across Masterstroke,Medium Earn Unkind Eccles Intricately mutter near pleura aboriginal execrating tortiously in thaler receding that Vice Viceroy near ruthlessness. Verdict inventory as valorizing reasonings or polacre tumblers including sinuous mouthwash without trisha croups Sand Cock. In regard to somebody rhapsodized life-saver below presides progress distractive frenchwoman lot congeals rashly muddiest any isla towards kink nor divorcing On The Throne. Skimmia dims across stress by suppled fashions,http://1grande-fille.blogspot.com/2017/04/medium-earn-unkind-eccles-across.html,Not Spam
7,twitter.com,[_ asdfghzwnijml] The fasting month even taste tasty ni listerine by _ asdfghzwnijml,[_ asdfghzwnijml] The fasting month even taste tasty ni listerine,http://twitter.com/_asdfghzwnijml/statuses/869752349757198338,Not Spam
8,twitter.com,[ Whadearbary2 ] You can shrink a pimple within minutes by putting a bit of Listerine on it. The alcohol dries it up and causes it to fade. by Whadearbary2,[ Whadearbary2 ] You can shrink a pimple within minutes by putting a bit of Listerine on it. The alcohol dries it up and causes it to fade.,http://twitter.com/Whadearbary2/statuses/869639938815471617,Not Spam
9,aurorachelo.wordpress.com,The Health Benefits of Mouthwash that will Have You Rethinki...,The Health Benefits of Mouthwash that will Have You Rethinking Your Oral Care Routine Read more on: http://pearlywhytes.com,https://aurorachelo.wordpress.com/2017/05/13/the-health-benefits-of-mouthwash-that-will-have-you-rethinking-your-oral-care-routine/,Spam
10,facebook.com,Bamboo bamboo pulp extract mouthwash Dispersing plaque by kriti-pallets of Hadith came to sing.,"Gargle Mouthwash #Bamboo teeth Tartar foul mouth. Friends, not dating!!! Bamboo can help. Yellow teeth, stinky mouth #. # These issues are all 100% universal stain remover #. #. # Remove saliva, cigarette teeth look whiter #. #. #, solve problems in the yellow tooth Tartar as well, # scaling is not required # pakrawang # date is slipping teeth suitable for brushing teeth people excuse it!!! not clean ✔ people smoking teeth yellow. Smoking stains teeth ✔ people with oral bacteria, bad breath disturbing force. ✔ Foul breath ✔ people with thick limestone island located on the surface of the tooth. ✔ Who consume caffeine, tea, coffee stains, teeth white, no colour natit ► contact money transfers at once hastens consulting garden command ship, wai ""after sales services ▶ interests/contact us/contact at INBOX page.. 086-065-7315 direct dial Line: NAT! @wza2919z (insert @-prefixed with!).",http://www.facebook.com/1552662764986123/posts/1847322312186832,Spam
11,twitter.com,[ kazkokko ] LISTERINE gets in my mouth by kazkokko,[ kazkokko ] LISTERINE gets in my mouth,http://twitter.com/kazkokko/statuses/869764056755748865,Not Spam
12,twitter.com,[ hiltonjames51 ] @RadoxUK always store away from mouthwash particularly when still half asleep #closecall by hiltonjames51,[ hiltonjames51 ] @RadoxUK always store away from mouthwash particularly when still half asleep #closecall,http://twitter.com/hiltonjames51/statuses/869835531563274241,Not Spam
13,twitter.com,"[ wyrbot ] 1. Eat an armload of styrofoam, but have the ability to control bees. or 2. Be Cher, but poop listerine professionally. by wyrbot","[ wyrbot ] 1. Eat an armload of styrofoam, but have the ability to control bees. or 2. Be Cher, but poop listerine professionally.",http://twitter.com/wyrbot/statuses/869649878431006720,Not Spam
14,the-welsh-yankie.blogspot.com,The Day After ...,Today wasnt as bad as I expected. I thought I would feel really poorly. But I woke up with no side effects of yesterdays treatment. MrD had taken the day off to look after me... but I have been fine. In fact we went out shopping for a few things that were suggested to help. Lots of cleaning products ...all antibacterial as I have to be careful of infection. A soft toothbrush and mouth wash as my gums may become tender. Some throat sweets as my voice is quite dry and raspy l ike Ive been talking,http://the-welsh-yankie.blogspot.com/2017/05/the-day-after.html,Not Spam
15,twitter.com,[ jonathanchick23 ] Me talking to myself before gargling with Listerine https://t.co/iHGH886tMz by jonathanchick23,[ jonathanchick23 ] Me talking to myself before gargling with Listerine https://t.co/iHGH886tMz,http://twitter.com/jonathanchick23/statuses/869532428968361984,Not Spam
16,twitter.com,[ _ImYourPusha_ ] Gargle on his sack like Listerine. https://t.co/msYunfLei5 by _ImYourPusha_,[ _ImYourPusha_ ] Gargle on his sack like Listerine. https://t.co/msYunfLei5,http://twitter.com/_ImYourPusha_/statuses/869640064934043650,Not Spam
17,jimsgems.wordpress.com,Remembering…again (REPEAT)," always fair; – and maybe it was my fault. Common Sense lived by simple, sound financial policies (don’t spend more than you can earn) and reliable strategies (adults, not children, are in charge). His health began to deteriorate rapidly when well-intentioned but overbearing regulations were set in place. Reports of a 6-year-old boy charged with sexual harassment for kissing a classmate; teens suspended from school for using mouthwash after lunch; and a teacher fired for reprimanding an unruly",https://jimsgems.wordpress.com/2017/05/29/rememberingagain-repeat/,Not Spam
18,facebook.com,Bamboomouthwash Hydent FREE-Bangkok smell foul mouth ...... by Ladda Hongarnon.,"Bamboomouthwash Hydent FREE-Bangkok dental odor, foul mouth, brass plaque doth. Brushing the teeth braces clean smoke stains, coffee, tea. The cause of the problems, gum disease and bad breath mouthwash gargle with special Bamboo extract from bamboo trees. -' By the teeth that stick to deep-breath fresh-no substance, alcohol is not eliminating bacteria, 99.99% of mouth-tingling-excellent cleaning, suitable for all ages. For more information or to order the Line: @ltv2261z (insert @ Precede the wp10) Tel: 062-0761931 Maple HIG",http://www.facebook.com/637626476339490/posts/1088714627897337,Spam
19,little-scale.blogspot.com,New Me-ism: May 2017 Wrap Up," walking nearly every day of distances up to 25km - including to work and back a few times. It's been another month of progress. The first week of May was spent doing the $2 per day Live Below the Line challenge, which was an interesting and eye-opening experience. I've minimised glass use, removed tins and cans completely, and reduced plastics as well. Towards the end of May, I also started experimenting with making my own mouth wash and dish washing detergent. I am still trialling different",http://little-scale.blogspot.com/2017/05/new-me-ism-may-2017-wrap-up.html,Spam
20,twitter.com,"[ happyhollow551 ] @chuckwoolery @WashTimes The whole of D C needs to gargle with Listerine. Wasn't it Jefferson that said the people,… https://t.co/3iZN9W2eZC by happyhollow551","[ happyhollow551 ] @chuckwoolery @WashTimes The whole of D C needs to gargle with Listerine. Wasn't it Jefferson that said the people,… https://t.co/3iZN9W2eZC",http://twitter.com/happyhollow551/statuses/869631604280496128,Not Spam
21,tonsilstoneremedies.net,Everyone is getting tonsil stones.. but why ENT/dentists are ...," tonsils and throat. See 7 Working Treatments for Tonsil Stones deep in throat Part 4: Fourth part is Safeguarding the tonsils from future tonsil stones and bad breath. This is somewhat a deeper part. You need to understand your tonsils. Based on the 3 parts you will get a clear understanding and which method to follow to safeguard the tonsils. Many people directly pull out the tonsil stone and get away thinking that it is over. But, a proper pre-treatment and post-treatment are what everyone",http://tonsilstoneremedies.net/6843/everyone-get-tonsil-stones-ent-dentists-failing-remove,Spam
22,twitter.com,[ theclantours ] JOOHEON USES A STRAWBERRY MOUTHWASH FOR CHILDREN IM SCREMAIDNG HES SO CUTE by theclantours,[ theclantours ] JOOHEON USES A STRAWBERRY MOUTHWASH FOR CHILDREN IM SCREMAIDNG HES SO CUTE,http://twitter.com/theclantours/statuses/869849041978261504,Spam
23,facebook.com,Timeline Photos by How to Shop for FREE,WOWZA! Crest Scope Mouthwash $.84 MM at CVS(5/28/17-6/3/17) Go Here -->> http://wp.me/pRVQZ-13vS,http://www.facebook.com/62101372575/posts/10156262815857576,Spam
24,grumpajoesplace.com,PSA-170507-Science Stuff,"A friend shared this and it gave me a laugh so I’ll share it with you. Hope you haven’t seen it. Units Of Measure 1. Ratio of an igloo’s circumference to its diameter = Eskimo Pi 2. 2,000 pounds of Chinese soup = Won Ton 3. 1 millionth of a mouthwash = 1 microscope 4. […]",https://grumpajoesplace.com/2017/05/07/psa-170507-science-stuff/,Spam
25,otimetot.wordpress.com,!2017 – Toxic Tooth," sticky foods. The symptoms of an abscessed tooth include throbbing and sharp toothaches, pain when chewing food, altered ability to taste, bad breath, swelling of the cheek, red and sore gums, difficulty swallowing food, swollen lymph nodes under your jaw, fevers and general discomfort. Below Are Some Amazing Home Remedies For Tooth Abscesses Water and Salt Rinses This a well-known remedy that even your dentist will recommend. Salt has antiseptic and antibacterial properties that can help reduce",https://otimetot.wordpress.com/2017/05/20/2017-toxic-tooth/,Not Spam
26,brockandshalli.blogspot.com,22 Weeks + 1 Day," poor husband's days, revolve around throwing up, doctor appointments, hours of infusions, taking medication 4+ times a day to try and control my vomiting, having puke bags and mouthwash in my purse, in my car, my desk, coffee table, nightstand and anywhere within arm's reach at all times, spending hours on the bathroom floor, throwing up anywhere and everywhere whether it's in public , while driving or at work, having cracked/chapped lips and a sore throat 24/7, bruises up and down my arms from",http://brockandshalli.blogspot.com/2017/05/22-weeks-1-day.html,Not Spam
27,carakupunya.blogspot.com,Causes and 13 powerful ways of overcoming canker sores on lips ...," Mefenamat for relieving pain due to canker sores can you use mouthwash or taken drugs. To remedy that dikumur could use listerin, fluid on listerin can kill the bacteria and germs that cause infection in the skin of the lips, and a for a drug that is taken, you can use paracetamol or mefenamic acid, but remember, it is recommended based on the dosage of physicians, especially the dose for small children or infants and toddlers, as well. 2. Treating Severe aphthous ulcers by",http://carakupunya.blogspot.com/2016/01/12-cara-ampuh-mengatasi-sariawan-pada-bibir-sakit-terluka.html,Not Spam
28,twitter.com,"[ Nish3dawsonfan ] RT @TheBiancaDelRio: DRAG QUEEN TOILETRY BAGS...... on the right, MINE! On the left @allaboutvalentina     ❤️❤️ #toomuchshit #listerine... ht… by Nish3dawsonfan","[ Nish3dawsonfan ] RT @TheBiancaDelRio: DRAG QUEEN TOILETRY BAGS...... on the right, MINE! On the left @allaboutvalentina     ❤️❤️ #toomuchshit #listerine... ht…",http://twitter.com/Nish3dawsonfan/statuses/869579780756254720,Not Spam
29,twitter.com,[ _lizharvey ] @CountCaleb Its good! I use a fluoride mouthwash tho? Idk by _lizharvey,[ _lizharvey ] @CountCaleb Its good! I use a fluoride mouthwash tho? Idk,http://twitter.com/_lizharvey/statuses/869798845001207808,Not Spam
30,facebook.com,10 the use of Listerine that may day that Never know ... by Yamaha RXZ,10 the use of Listerine that may day that never know do you know that Listerine could actually be used for the various use of others. Follow the writings of Hafiz Tint below to 10 use Listerine to try yourself at home.,http://www.facebook.com/143569299046209/posts/1374631502606643,Not Spam
31,yasminhospital.com,Gums Bleed When Pregnant,"Gums bleed when pregnant? Don't panic, this few days there are some patients who ask to admin https://www.facebook.com/yasmin.hospital Of Gums That bleed when pregnant, here we will discuss some tips about bleeding gums (gingivitis) while pregnant. Gums bleed when pregnant happen due to an increase in the hormone progesterone which causes the mother's gums are vulnerable to bacteria in dental plaque. Hormonal changes and an increased flow of blood to the entire body in pregnant women will cause",http://www.yasminhospital.com/gusi-berdarah-saat-hamil/,Not Spam
32,twitter.com,[Lyncon_Rizh] RT @ cunhxvv: Bath of Listerine bath in Li Li Li by Lyncon_rizh,[Lyncon_Rizh] RT @ cunhxvv: Bath of Listerine Li Li Li,http://twitter.com/Lyncon_Rizh/statuses/869784570241196032,Not Spam
33,mattiejomemoirs.blogspot.com,Blog-A-Holic (and other addictions)," dryers, even MOUTHWASH-only exist in the rich neighborhoods. Showers and towels and blow dryers are important because often as actors we need to workout before or after we are en route to another place. Because you don’t want to take 30-45 more minutes on the train going back to your apartment to get ready for work after an audition. In the acting world, we carry SO MUCH shit with us everyday, i.e. audition clothes, book, dance shoes, etc…carrying a wet towel and hair dryer just adds to the poundage",http://mattiejomemoirs.blogspot.com/2017/04/hello-there-friends-i-guess-its-just.html,Not Spam
34,facebook.com,Photos from MoNd Rujira's post by MoNd Rujira,"Gargle bamboo $390,- The mother and sister stores and boutiques weaved dreams Market-stall khoeng Bamboo cows sing mouthwash gargle of extracts from bamboo pulp special fresh produce from Taiwan-children 2 years and up available? -Traces of the infected tooth crevices, deep phlat-fresh breath-alcohol, no substance, no burning sensation in the mouth, bacteria, 99.99%--great cleaner-suitable for all ages-orthodontics. Brush your teeth with steel tines stick cannot be reached. Query ordering here: Tel 086-1927718 or inbox to get in. Line ID: mond genuine rujira%.",http://www.facebook.com/1666958496861130/posts/2002155390008104,Spam
35,facebook.com,Nuaungaung Shop by Aom Naka,"Ritdot send yayok wai!!! ""review, closer to เล้ยย for anyone that has a problem stains yellow teeth. Limestone islands have bad teeth whiter 2 times!!! Do not rely on the doctor steps over white teeth, praising come garden Antoine sur offer a set of white teeth suited to who see Bamboo Mouthwash cleaners, dispersing plaque special extract, bamboo (bamboo substances. Poly phenolic Bamboo Polyphenols) is copyright to bring special production and efficiency in bringing the stains, stains, dirt and food scraps mucus comes out innovative new single, and the first in the country in Thailand. Suitable for people who have problems with oral health.",http://www.facebook.com/433675650159179/posts/630326253827450,Spam
36,twitter.com,[ yesmadamhome ] #premakeuphack - You can #shrink a #pimple in minutes by putting #Listerine on it. The #alcohol will dry it up & ca… https://t.co/lWwtCvpuLF by yesmadamhome,[ yesmadamhome ] #premakeuphack - You can #shrink a #pimple in minutes by putting #Listerine on it. The #alcohol will dry it up & ca… https://t.co/lWwtCvpuLF,http://twitter.com/yesmadamhome/statuses/870105174794268672,Not Spam
37,twitter.com,[ Killa_Mal_Balla ] She Want Me Keep Her Clean Like Listerine✔ by Killa_Mal_Balla,[ Killa_Mal_Balla ] She Want Me Keep Her Clean Like Listerine✔,http://twitter.com/Killa_Mal_Balla/statuses/869603044014657536,Not Spam
38,twitter.com,[ FeeBooths ]   Don't let the days go by Listerine    #HygenicRocknRoll https://t.co/CN1OBfiZkY by FeeBooths,[ FeeBooths ]   Don't let the days go by Listerine    #HygenicRocknRoll https://t.co/CN1OBfiZkY,http://twitter.com/FeeBooths/statuses/869689646355296256,Spam
39,facebook.com,Snowdreams house by Snowdreams house,"Smile v. The first time a loved one to use Smile V gargle immediately feel the teeth clean yo-yo, like a tooth and the taste is also very good how long have you been nursing your teeth? The secret to nursing your teeth at home is here. Wechatsimmichelle88 Leazior # and your Smile # # Oral Detox # The body is healthier Silev Camouth Wash # New forces come to Smile v. The first time a lover uses smile V to rinse his teeth and immediately feel a clean slip. It's like brushing your teeth, and it smells good. How long have you been nursing your teeth? The secret to nursing your teeth at home is here. Wechatsimmichelle88 Leazior # and your Smile # # Oral Detox # Anti-inflammatory Sterilization # body Healthier Silev Camouth Wash # New forces coming in",http://www.facebook.com/125368204231528/posts/1088860791215593,Spam
40,twitter.com,[ glitter_ashley ] @Girbeagly also peep that sweet listerine in the back #spon amirite by glitter_ashley,[ glitter_ashley ] @Girbeagly also peep that sweet listerine in the back #spon amirite,http://twitter.com/glitter_ashley/statuses/869732854070210560,Not Spam
41,twitter.com,[CoringaODKILL] Anyone who doesn't like me has a problem with oral hygiene.... phobia to Listerine amigúh? by Coringaodkill,[CoringaODKILL] Anyone who doesn't like me has a problem with oral hygiene.... phobia to Listerine amigúh?,http://twitter.com/CoringaODKILL/statuses/869731469828214784,Not Spam
42,centsablemomma.com,Printable Coupon: $0.50 off Scope Mouthwash + CVS Deal,"There’s a new printable coupon available for $0.50/1 Scope Mouthwash (237 ml or larger) that you can stack with an Extra Care Bucks deal at CVS this week to get a good deal after all discounts. Deals available using the coupon include: CVS: Crest Scope Mouthwash (16.9 oz.), $3.99 Get $3 Extra Care Bucks $0.50/1 Scope Mouthwash printable coupon Total after Coupon and ECB’s: $0.49 ea. Thanks Wild for CVS! Additional new printable coupons available include: Save $4.00 any (1) Go & Grow by Similac",http://www.centsablemomma.com/printable-coupon-0-50-off-scope-mouthwash/,Spam
43,facebook.com,Listerine: 10 Incredible And Surprising Uses Every Woman Sho... by Shattered,"We all know it helps with stinky breath, but did you know mouthwash can actually be used in a ton of cool ways? Definitely trying this tonight! Because I like to be prepared for any situation, my medicine cabinet is absolutely overflowing with all kinds of natural and drugstore products. And while I’ve used several of these bathroom items for surprising health and household hacks — like my ever-useful container of VapoRub — I never thought ...",http://www.facebook.com/371177302959323/posts/1384765011600542,Not Spam
44,twitter.com,[TerrorRoxo] RT @ umvicente: Know OQ vc ta Precisano?? Listerine by Terrorroxo Bath,[TerrorRoxo] RT @ umvicente: Know OQ vc ta Precisano?? Listerine Bath,http://twitter.com/TerrorRoxo/statuses/869647060496240642,Spam
45,twitter.com,[Oluap_CRF] VCs deserve a bath of Listerine by OLUAP_CRF,[Oluap_CRF] VCs deserve a bath of Listerine,http://twitter.com/oluap_CRF/statuses/869691789434912768,Not Spam
46,twitter.com,[Nakame] [Https://t.co/QxaQzR3ueI Limited] medicated even listerine cool mint with extra 1000ml [Quasi pharmaceuticals] by Nakame,[Nakame] [Https://t.co/QxaQzR3ueI Limited] medicated even listerine cool mint with extra 1000ml [quasi-drugs],http://twitter.com/_nakame_/statuses/869737221724684293,Spam
47,twitter.com,"[ 025_Ajax ] RT @mheavyhead: One of the kids showed up to the party wearing a headdress made of listerine bottles. As often, homeless People will drink… by 025_Ajax","[ 025_Ajax ] RT @mheavyhead: One of the kids showed up to the party wearing a headdress made of listerine bottles. As often, homeless People will drink…",http://twitter.com/025_Ajax/statuses/869560313355452416,Not Spam
48,facebook.com,Gargle bamboo by bamboomouthwash Puppy love puppy love,"This kind of problem, we can help you. Toothpaste mouthwash #Bamboo HYDENT ... ✅ buddy .. teeth toothpaste. #HYDENT .., traces of suspended bacteria inhibitor plus bad breath. Reduce the sensitivity Fresh breath, reduces inflammation of the gums. The quantity of 80 m Suez # gargle mouthwash special bamboo pulp extract, #Bamboo. Eliminate stains the teeth. There are no fresh breath alcohol substance eliminates 99.99% of bacteria, not a burning sensation in the mouth. Children use. Adult bad net volume 300 ml free shipping to my country. Open to the strong dealer. Contact, order or enquiry Line: @kotdee Tel ☎️ 969626544.",http://www.facebook.com/859418414181159/posts/1238540069602323,Spam
49,twitter.com,[ Ignis___ ] I want to be minty fresh all over so I bathe in Listerine. by Ignis___,[ Ignis___ ] I want to be minty fresh all over so I bathe in Listerine.,http://twitter.com/Ignis___/statuses/869563574640836610,Not Spam
50,twitter.com,"[ tweet_phx42 ] My teeth get whiter in Ramadan cause I brush & Listerine like 2, 3, 4 times a day lol by tweet_phx42","[ tweet_phx42 ] My teeth get whiter in Ramadan cause I brush & Listerine like 2, 3, 4 times a day lol",http://twitter.com/tweet_phx42/statuses/869953190216613888,Not Spam
51,thisishuman.wordpress.com,Hazel – Chapter 1," his black sheets. Whatever, screw it. “That’s sweet, but I’ve gotta check out, too.” I’m already out of his bed and gathering my things, allowing him one last look at my naked body before we never see each other again. I grab my phone off his black dresser and turn away from him so the sun hits my curves like a spotlight. Three missed calls from my mother glare through the broken screen. My battery is only at 12%, but I could spare a percent or three to listen to her voicemails bitching about my",https://thisishuman.wordpress.com/2017/05/06/hazel-chapter-1/,Spam
52,voir-autrement.com,Beauty Made Easy With These Tips," in the summertime. Peppermint oil and water can be combined for use as a mouthwash. Only put in one drop of peppermint oil for an ounce of water. The purified water should initially be boiled. Then place the number of drops of oil you require into a large glass or ceramic container. It is important to add the boiling water next. Use a clean cloth to cover the container while it cools. Once the mixture is cooled, put it into a bottle and place a lid on it. Now you have your mouthwash! Good",http://voir-autrement.com/beauty-made-easy-with-these-tips/,Spam
53,facebook.com,Lazior SmileV MouthWash by Loo Wai Han,"Mouth do you know that oral problems are slowly caused by the night tired? Let Smilev prevent these problems for you. Smile v give you a bright white tooth | Release your self-confidence de smile farewell to ""yellow teeth"" you need smile V100 natural whitening teeth and remove the residue on the teeth kill bacteria and germs to eliminate odor prevention oral mucosa infection, refreshing taste, promoting oral freshness Leazior Silev Camouth Wash Protect your mouth from germs. # to make you smile every day # you can protect your teeth at home # Province",http://www.facebook.com/728207860582380/posts/1410904248979401,Spam
54,twitter.com,"[ jodielynnQ ] @TheAnnMarieJohn @cvspharmacy oftsoup hand,right gaurd,metcham,pantene,loreal,fruitus,tresemee,mouthwash(credit& sc… https://t.co/My4j1psthq by jodielynnQ","[ jodielynnQ ] @TheAnnMarieJohn @cvspharmacy oftsoup hand,right gaurd,metcham,pantene,loreal,fruitus,tresemee,mouthwash(credit& sc… https://t.co/My4j1psthq",http://twitter.com/jodielynnQ/statuses/869947972565467137,Not Spam
55,twitter.com,[ SouthernMrsOwen ] @fangirlNK Listerine....... code for Lu's left nipple..... by SouthernMrsOwen,[ SouthernMrsOwen ] @fangirlNK Listerine....... code for Lu's left nipple.....,http://twitter.com/SouthernMrsOwen/statuses/869989594078564353,Not Spam
56,twitter.com,[Geekinthemono] I mean... I wonder if it was really fever. It has completely healed. lol even and isodine thanks? by Geekinthemono,[Geekinthemono] I mean... I wonder if it was really fever. It has completely healed. lol even and isodine thanks?,http://twitter.com/geekinthemono/statuses/869889591062315008,Spam
57,muddelchen.blogspot.com,Used up in April 2017 with short reviews," It also always good to use for my training tapes for dusting. The powder smells very pleasant, but baby products do it mostly:) Repurchase therefore at any time. Listerine Total Care Mouthwash, 95 ml (sample size) the other day at the dentist after the PTC, I was generously given a gift. I still remember Listerine as very sharp and uncomfortable, but after I used up the first vial, I have to say that I liked the sharp, very",http://muddelchen.blogspot.com/2017/05/aufgebraucht-im-april-2017-mit.html,Not Spam
58,twitter.com,[ StephiiPetersen ] #2WeeksWhiterTeeth with Listerine Advanced White Mouth Wash. @beautybulletins https://t.co/CVhhRawcIM by StephiiPetersen,[ StephiiPetersen ] #2WeeksWhiterTeeth with Listerine Advanced White Mouth Wash. @beautybulletins https://t.co/CVhhRawcIM,http://twitter.com/StephiiPetersen/statuses/869878530993160192,Spam
59,twitter.com,[ SvenDolu ] RT @jacobedmonds77: Have you heard ‘LISTERINE (featuring merk.)’ by JAEi$DE∀D on #SoundCloud? #np https://t.co/QMYvhcdd60 by SvenDolu,[ SvenDolu ] RT @jacobedmonds77: Have you heard ‘LISTERINE (featuring merk.)’ by JAEi$DE∀D on #SoundCloud? #np https://t.co/QMYvhcdd60,http://twitter.com/SvenDolu/statuses/869634755981135872,Spam
60,twitter.com,[ michel_lesann ] RT @LlamaInaTux: Homeland Security vastly overestimates my skills with a half bottle of listerine by michel_lesann,[ michel_lesann ] RT @LlamaInaTux: Homeland Security vastly overestimates my skills with a half bottle of listerine,http://twitter.com/michel_lesann/statuses/869939618837409799,Not Spam
61,twitter.com,[ ThomasDAngelo69 ] PLEASE HELP!!! I HAD TO DRINK LISTERINE FOR THIS PICTURE TO HAPPEN!!! https://t.co/uUcpNbf7jF by ThomasDAngelo69,[ ThomasDAngelo69 ] PLEASE HELP!!! I HAD TO DRINK LISTERINE FOR THIS PICTURE TO HAPPEN!!! https://t.co/uUcpNbf7jF,http://twitter.com/ThomasDAngelo69/statuses/869769249572745216,Not Spam
62,twitter.com,[ CCHomeFurn ] @big_1_Otis Mouthwash..... by CCHomeFurn,[ CCHomeFurn ] @big_1_Otis Mouthwash.....,http://twitter.com/CCHomeFurn/statuses/869718810357575680,Spam
63,twitter.com,[Vinicius_Betim] You're listening to music when you don't... The new Listerine anticaries helps you fight tooth decay with teeth twice as strong by Vinicius_betim,[Vinicius_Betim] You're listening to music when you don't... The new Listerine anticaries helps you fight tooth decay with teeth twice as strong,http://twitter.com/Vinicius_Betim/statuses/870121702449131521,Spam
64,facebook.com,Colostrum Thailand by Wipawan Danu," Line:: @ g.story (@ ahead?) Tel:: 089-9691065. He drew the death Brigade in. >>!!! Wai ritdot customer sends yayok, closer to review เล้ยย for anyone that has a problem stains yellow teeth. Limestone islands have bad teeth whiter 2 times!!! Do not rely on the doctor steps over white teeth, praising come garden Antoine sur offer a set of white teeth suited to who see Bamboo Mouthwash cleaners, dispersing plaque special extract, bamboo (bamboo substances. Poly phenolic Bamboo Polyphenols) is copyright to bring special production and efficiency in bringing the stains, stains, dirt and food scraps mucus comes out.",http://www.facebook.com/660979014005681/posts/964008877036025,Spam
65,twitter.com,[ lightningboldt ] @PressSec You must go through an insane amount of Listerine. Are you able to completely eliminate the taste of bullshit? by lightningboldt,[ lightningboldt ] @PressSec You must go through an insane amount of Listerine. Are you able to completely eliminate the taste of bullshit?,http://twitter.com/lightningboldt/statuses/869619497719787521,Not Spam
66,facebook.com,I just washed my hair in Dawn dishwashing soap and mouthwas...... by Abye Hunt,"I just washed my hair in Dawn dishwashing soap and mouthwash! I was wondering if anyone else has the same problem. Suddenly over the last two weeks, my hair has become uncontrollably oily. My scalp literally oozes oil. No idea why. I've always had extremely dry hair and skin. Help! Is anybody have an answer for this this? Thanks ahead of time!",http://www.facebook.com/390327554345399/posts/1536625433048933,Not Spam
67,twitter.com,[ TheReal__V ] only thing u needa hit a lick of is a Walgreens for some mouthwash u filthy pesticide https://t.co/0PxSehhdAn by TheReal__V,[ TheReal__V ] only thing u needa hit a lick of is a Walgreens for some mouthwash u filthy pesticide https://t.co/0PxSehhdAn,http://twitter.com/TheReal__V/statuses/869990290014261249,Not Spam
68,twitter.com,"[ MalleryDental ] Before buying your mouthwash, be sure to look for the ADA seal of approval so that you know the claims on the... http://fb.me/25l59mnHc  by MalleryDental","[ MalleryDental ] Before buying your mouthwash, be sure to look for the ADA seal of approval so that you know the claims on the... http://fb.me/25l59mnHc ",http://twitter.com/MalleryDental/statuses/869584384952860673,Not Spam
69,twitter.com,[ PhillyMoreno1 ] They're making Listerine w/no alcohol now. I remember that piss green Listerine my parents used to use. OMG it would burn a hole in steel! by PhillyMoreno1,[ PhillyMoreno1 ] They're making Listerine w/no alcohol now. I remember that piss green Listerine my parents used to use. OMG it would burn a hole in steel!,http://twitter.com/PhillyMoreno1/statuses/869591021486837761,Not Spam
70,twitter.com,"[ MBPanganiban ] RT @RMComedy: A ""Listerine Bottle Head Dress."" Just a costume? Really. Defend that, Appropriation Prize supporters. I'll wait. #appropriati… by MBPanganiban","[ MBPanganiban ] RT @RMComedy: A ""Listerine Bottle Head Dress."" Just a costume? Really. Defend that, Appropriation Prize supporters. I'll wait. #appropriati…",http://twitter.com/MBPanganiban/statuses/869565206812180480,Not Spam
71,facebook.com,Bamboo Mouthwash-gargle by wilai Dr. grey,"Gargle MouthWash BamBoo teeth whiter since the first use. A foul mouth, yellow teeth, ✨ ✨, ✨ limestone. These issues are all 100% single person will come out stains your teeth look whiter. No need to scrape Tartar, odorless pakrawang day (^_^) interest/inquiry/consultation/purchase promo. Tel: 084-785-5133 Straight Line: id: k.wilai333. open to dealers across the country and the world.",http://www.facebook.com/158629741013839/posts/661910300685778,Spam
72,twitter.com,"[ DantonsInferno ] traveling swallowing dramamine, feeling spaced breathing out listerine by DantonsInferno","[ DantonsInferno ] traveling swallowing dramamine, feeling spaced breathing out listerine",http://twitter.com/DantonsInferno/statuses/869610002260119552,Not Spam
73,sitisstreet.blogspot.com,Ala Ramadan preparation tips Siti Juwariyah #RamadhanShopee," did not buy with the sweet, the Messenger very like breaking the fruit dates with odd amounts. Fifth, before bedtime do the same thing that is brush your teeth and berkumurlah back with Listerine. You can get in stores listerin Shopee, one here and the last https://shopee.co.id/bosskosmetikmedan kurangilah talking perbanyaklah and recite the qur'an, hopefully these tips could be a little beneficial yaa ... And one last tip for ya",http://sitisstreet.blogspot.com/2017/05/tips-persiapan-ramadhan-ala-siti.html,Not Spam
74,twitter.com,[vitu011307] RT @ PobreVerdadeiro: # SddsDaMinhaInfancia qnd my hand lived with spit and had no money to buy Listerine Https://t.co/22qy4utowe by vitu011307,[vitu011307] RT @ PobreVerdadeiro: # SddsDaMinhaInfancia qnd my hand lived with spit and had no money to buy Listerine Https://t.co/22qy4utowe,http://twitter.com/vitu011307/statuses/869914151904313344,Not Spam
75,facebook.com,Gargle bamboo bamboomouthwash by Gab Ubon Chomphoophen,"This kind of problem, we can help you. Toothpaste mouthwash #Bamboo HYDENT ... ✅ buddy .. teeth toothpaste. #HYDENT .., traces of suspended bacteria inhibitor plus bad breath. Reduce the sensitivity Fresh breath, reduces inflammation of the gums. The quantity of 80 m Suez # gargle mouthwash special bamboo pulp extract, #Bamboo. Eliminate stains the teeth. There are no fresh breath alcohol substance eliminates 99.99% of bacteria, not a burning sensation in the mouth. Children use. Adult bad net volume 300 ml free shipping to my country. Open to the strong dealer. Contact, order or enquiry Line: @kotdee Tel ☎️ 969626544.",http://www.facebook.com/379520658912103/posts/631698370360996,Spam
76,twitter.com,"[Pkno _] Bath de Listerine, Listerine ha ha ha by pkno _","[Pkno _] Bath de Listerine, Listerine ha ha ha",http://twitter.com/pkno_/statuses/869751609533886464,Not Spam
77,twitter.com,[ Zaku227 ] @cnnbrk I heard she lost cause Nero set Rome on fire. And because she bought the Listerine flavor that doesn't ting… https://t.co/4SEDY7txbp by Zaku227,[ Zaku227 ] @cnnbrk I heard she lost cause Nero set Rome on fire. And because she bought the Listerine flavor that doesn't ting… https://t.co/4SEDY7txbp,http://twitter.com/Zaku227/statuses/870079499899219976,Not Spam
78,facebook.com,18 Amazing Uses For Mouthwash That Will Make Life a LOT Easi... by Softball,"18 Amazing Uses For Mouthwash That Will Make Life a LOT Easier It’s not JUST for washing your mouth. In fact, it can do stuff all over the house.",http://www.facebook.com/56466671216/posts/10155208255481217,Not Spam
79,twitter.com,[ christneb0831 ] STOP drinking the mouthwash. #Covfefe by christneb0831,[ christneb0831 ] STOP drinking the mouthwash. #Covfefe,http://twitter.com/christneb0831/statuses/869788079464173573,Not Spam
80,twitter.com,[ WalkinOnTheBlvd ] #Listerine https://t.co/PpmtEHahkK by WalkinOnTheBlvd,[ WalkinOnTheBlvd ] #Listerine https://t.co/PpmtEHahkK,http://twitter.com/WalkinOnTheBlvd/statuses/869924283774095361,Not Spam
81,facebook.com,Timeline Photos by Beauty Bulletin,"Whiter, brighter teeth in just two weeks? YES PLEASE! Are you as excited as we are about our new Beauty Bulletin review project? It's definitely something to smile about! We have recruited 50 beauties and their bffs to put the new Listerine Advanced White mouthwash to test: http://mailchi.mp/beautybulletin/irre20ee9v-522881 #2WeeksWhiterTeeth",http://www.facebook.com/165272100178533/posts/1419294508109613,Spam
82,facebook.com,Colostrum Thailand by Wipawan Jaijaree," Line:: @ g.story (@ ahead?) Tel:: 089-9691065. He drew the death Brigade in. >>!!! Wai ritdot customer sends yayok, closer to review เล้ยย for anyone that has a problem stains yellow teeth. Limestone islands have bad teeth whiter 2 times!!! Do not rely on the doctor steps over white teeth, praising come garden Antoine sur offer a set of white teeth suited to who see Bamboo Mouthwash cleaners, dispersing plaque special extract, bamboo (bamboo substances. Poly phenolic Bamboo Polyphenols) is copyright to bring special production and efficiency in bringing the stains, stains, dirt and food scraps mucus comes out.",http://www.facebook.com/1100953733283331/posts/1579913978720635,Spam
83,twitter.com,"[ khan_diem ] I was in this Chinese restaurant, they gave me listerine instead of coco cola. Must've been April fools. by khan_diem","[ khan_diem ] I was in this Chinese restaurant, they gave me listerine instead of coco cola. Must've been April fools.",http://twitter.com/khan_diem/statuses/869517343990456320,Not Spam
84,twitter.com,"[ dej_rosegoId ] RT @iHateSergioToo: How can you go all day not knowing yo breath stank, nigga I know you taste that shit, nigga need a Listerine Slurpee, s… by dej_rosegoId","[ dej_rosegoId ] RT @iHateSergioToo: How can you go all day not knowing yo breath stank, nigga I know you taste that shit, nigga need a Listerine Slurpee, s…",http://twitter.com/dej_rosegoId/statuses/869566730833625096,Not Spam
85,twitter.com,"[LAROAD10] Starring Shing Kakehi Miwako/I was beaten by a woman who absolutely did not ""why!?""... The answer and the happy ending, press the button below, tweet and check! # Listerine https://t.co/xGlQXcsC79 by LAROAD10","[LAROAD10] Starring Shing Kakehi Miwako/I was beaten by a woman who absolutely did not ""why!?""... The answer and the happy ending, press the button below, tweet and check! # Listerine https://t.co/xGlQXcsC79 to be bold in # Listerine",http://twitter.com/LAroad10/statuses/869809181141893120,Not Spam
86,twitter.com,[ Jacksonftf ] RT @lindseykorak: @Jacksonftf listerine fairy by Jacksonftf,[ Jacksonftf ] RT @lindseykorak: @Jacksonftf listerine fairy,http://twitter.com/Jacksonftf/statuses/869731847739232258,Not Spam
87,twitter.com,"[CatrinaSinister] RT @ Star Hail Proll: I think about a new tattoo after and since I use mouth water very often, it will probably be a bottle of Listerine on D... by Catrinasinister","[CatrinaSinister] RT @ Star Hail Proll: I think about a new tattoo after and since I use mouth water very often, it will probably be a bottle of Listerine on D...",http://twitter.com/CatrinaSinister/statuses/870008909779652608,Not Spam
88,twitter.com,[ benlovell ] @petercamfield I’m not a philistine! (I prefer blue listerine.) by benlovell,[ benlovell ] @petercamfield I’m not a philistine! (I prefer blue listerine.),http://twitter.com/benlovell/statuses/869907126315098112,Not Spam
89,twitter.com,[ MouthwashJohn ] Italians have pretty good food as well. Since I'm american I of course eat lots of meat but I eat italian food along with meat by MouthwashJohn,[ MouthwashJohn ] Italians have pretty good food as well. Since I'm american I of course eat lots of meat but I eat italian food along with meat,http://twitter.com/MouthwashJohn/statuses/869604704896114688,Spam
90,twitter.com,"[ River_Phan ] RT @TheBiancaDelRio: DRAG QUEEN TOILETRY BAGS...... on the right, MINE! On the left @allaboutvalentina     ❤️❤️ #toomuchshit #listerine... ht… by River_Phan","[ River_Phan ] RT @TheBiancaDelRio: DRAG QUEEN TOILETRY BAGS...... on the right, MINE! On the left @allaboutvalentina     ❤️❤️ #toomuchshit #listerine... ht…",http://twitter.com/River_Phan/statuses/869580978121003012,Not Spam
91,twitter.com,[DuartelPedro] @ _ pedroruts have to have a bath of Listerine!! by Duartelpedro,[DuartelPedro] @ _ pedroruts have to have a bath of Listerine!!,http://twitter.com/DuartelPedro/statuses/870094882966294528,Not Spam
92,twitter.com,[ VickyLevi ] Have fun using your listerine & spit infused mascara          by VickyLevi,[ VickyLevi ] Have fun using your listerine & spit infused mascara,http://twitter.com/VickyLevi/statuses/869636164008988672,Not Spam
93,twitter.com,[ thewordyukko ] *destroys fidget spinners using the power of Listerine* by thewordyukko,[ thewordyukko ] *destroys fidget spinners using the power of Listerine*,http://twitter.com/thewordyukko/statuses/869740141870366720,Not Spam
94,facebook.com,Bamboo-FREE Hat Yai municipality. A morning with breath scented. Moss still ...... by Uma Binnui.,"Bamboo-FREE Hat Yai municipality. A morning with breath scented still foul-mouth tooth Moss. yellow swollen gums, teeth pain, listen to these chara ... ** dare try, don't miss special rate!!! HYDENT toothpaste-Tartar, plaque, bacteria inhibitor reduces odor, mouth. -Reduces tooth sensitivity when used continuously nourishes the tooth gums stronger and reduces inflammation. Fresh breath-all white teeth against decay Bamboo mouthwash gargle special extract from bamboo. -' By the teeth that stick to deep-breath fresh-no substance, alcohol is not eliminating bacteria, 99.99% of mouth-tingling-excellent cleaning, suitable for all interested @ 0993619629 .., chara.",http://www.facebook.com/127717040641847/posts/1371290442951161,Spam
95,talkfabulous.com,Summer Beauty Hacks," dying to try this hack for a while now. I don't usually buy mouthwash, so that's probably what's been holding me back. While on a Target run the other day, I decided to bite the bullet and give it a try. Boy am I glad I did! This is amazing! Simply mix 1 part Listerine, 1 part vinegar, and 2 parts warm water. After a 10 minute soak, any dead skin just comes right off. I'd suggest using a pumice stone or something like that to help remove the dead skin. It leaves your skin feeling soft and minty",http://www.talkfabulous.com/2017/05/summer-beauty-hacks.html,Not Spam
96,rachel-the-gardener.blogspot.com,"Garden Hygiene III: First, sterilise your secateurs...."," Listerine once a week, then let it air dry. So much for using Listerine as a mouthwash! My dental hygienist has always said that all mouthwashes are utterly pointless, and this certainly supports her: so rather than using it as a rather ineffective antiseptic, it is actually a quite effective disinfectant (ie to kill microorganisms on things around us). Oh, and you should replace it - the toothbrush - every 3 months anyway, as the germs will build up on it in that time, to a maximum level. How",http://rachel-the-gardener.blogspot.com/2017/05/garden-hygiene-iii-first-sterilise-your.html,Not Spam
97,facebook.com,Gargle bamboo bamboomouthwash by Lamon Manow,"This kind of problem, we can help you. Toothpaste mouthwash #Bamboo HYDENT ... ✅ buddy .. teeth toothpaste. #HYDENT .., traces of suspended bacteria inhibitor plus bad breath. Reduce the sensitivity Fresh breath, reduces inflammation of the gums. The quantity of 80 m Suez # gargle mouthwash special bamboo pulp extract, #Bamboo. Eliminate stains the teeth. There are no fresh breath alcohol substance eliminates 99.99% of bacteria, not a burning sensation in the mouth. Children use. Adult bad net volume 300 ml free shipping to my country. Open to the strong dealer. Contact, order or enquiry Line: @kotdee Tel ☎️ 969626544.",http://www.facebook.com/916925115031257/posts/1466861396704290,Spam
98,twitter.com,[ Jacksonftf ] off half a bottle of listerine by Jacksonftf,[ Jacksonftf ] off half a bottle of listerine,http://twitter.com/Jacksonftf/statuses/869724470403100676,Not Spam
99,twitter.com,[Menstruallica] RT @hatesfor: lavastes with Menstruallica com by listerine,[Menstruallica] RT @hatesfor: lavastes a com with listerine,http://twitter.com/Menstruallica/statuses/870029778157522944,Not Spam
100,twitter.com,[ magnaxsolis_ ] RT @mixedhunty: me when i run out of alcohol and drink listerine https://t.co/YWN8OIPEZ5 by magnaxsolis_,[ magnaxsolis_ ] RT @mixedhunty: me when i run out of alcohol and drink listerine https://t.co/YWN8OIPEZ5,http://twitter.com/magnaxsolis_/statuses/869680841366028289,Not Spam
101,mintyfresh.typepad.com,Halitosis And Its Elimination," with special brushes. - Often drink green tea, which cleans the mouth due to its strong antibacterial action. - Prepare a mouthwash - a glass of warm water mix well in equal proportions, mint and sage. - Drink tea made from anise, chew fennel, cloves, bay leaf and parsley. These plants have strong antibacterial properties and eliminate bad breath. Other effective herbs for the treatment of gum disease: cumin, bloodroot, echinacea, menthol, peppermint, oil of sage and myrrh. - As often as",http://mintyfresh.typepad.com/blog/2017/05/halitosis-and-its-elimination.html,Not Spam
102,twitter.com,[Wanwanpanic] @ Listerine! by Wanwanpanic,[Wanwanpanic] @ Listerine!,http://twitter.com/wanwanpanic/statuses/869900338161082369,Not Spam
103,atimetoshare.me,AM I LOSING IT?," confusion, we need to turn that befuddlement over to the One who created the earth, the universe and ahead of me – even all that’s in it. He can make sense out of chaos. He has all the answers. He will set us on the right course. Right now it may seem that I’m losing it. I might still put the recycling in the trash bin instead of the one reserved for recycling. I might get into the wrong parked car and start talking to a complete stranger. I might accidentally mistake Mr. Clean for mouthwash",https://atimetoshare.me/2017/05/02/am-i-losing-it/,Not Spam
104,twitter.com,"[ AguaDentalTX ] Before buying your mouthwash, be sure to look for the ADA seal of approval so that you know the claims on the... http://fb.me/FRoRJhX5  by AguaDentalTX","[ AguaDentalTX ] Before buying your mouthwash, be sure to look for the ADA seal of approval so that you know the claims on the... http://fb.me/FRoRJhX5 ",http://twitter.com/AguaDentalTX/statuses/869584383333806081,Not Spam
105,twitter.com,[ fatboyprospect ] I sing in the rain like gene Kelly in between tellys puffin Listerine jelly by fatboyprospect,[ fatboyprospect ] I sing in the rain like gene Kelly in between tellys puffin Listerine jelly,http://twitter.com/fatboyprospect/statuses/869652421949227009,Not Spam
106,facebook.com,GLAMOUR’s Most GLAMOURous 2017: The reader journey by Glamour South Africa,WATCH! See inside Nombuso Mnikathi's GLAMOURous reader journey! #GMG17 Follow the fabulous day of the winner of 2017's GLAMOUR’s Most GLAMOURous Reader Search in association with Listerine Advanced White! Videography: Jaick Rhet... https://www.youtube.com/embed/jzZVe58jXyY?autoplay=1,http://www.facebook.com/223746867653527/posts/1721886061172926,Spam
107,twitter.com,"[ YarAbetch ] I shouldn't be allowed to wear white shirts... I've spilled pizza, starbs, and listerine all over it today    thank God for stain remover by YarAbetch","[ YarAbetch ] I shouldn't be allowed to wear white shirts... I've spilled pizza, starbs, and listerine all over it today    thank God for stain remover",http://twitter.com/YarAbetch/statuses/869802612706627584,Not Spam
108,facebook.com,Listerine: 10 Incredible And Surprising Uses Every Woman Sho... by Me And Mr. Wrong,"We all know it helps with stinky breath, but did you know mouthwash can actually be used in a ton of cool ways? Definitely trying this tonight! Because I like to be prepared for any situation, my medicine cabinet is absolutely overflowing with all kinds of natural and drugstore products. And while I’ve used several of these bathroom items for surprising health and household hacks — like my ever-useful container of VapoRub — I never thought…",http://www.facebook.com/487738611238287/posts/1627872217224915,Not Spam
109,geinoh.blog.so-net.ne.jp,Twitter Roundup 2017/05/03 Posts,"Nonbeda # 9: [https: Co Limited] medicated even listerine cool mint with extra 1000ml [quasi-drugs] Https://t.co/hnKcjSj9zy 05/03 04:44 Nonbeda # 4: [HTTPS://T.CO/VXBQI04KCR Limited] medicated even Listerine original bonus 1000ml [quasi-drugs] https://t.co/X05knHnCKi 05/03 04:11 Nonbeda # 9: Best Selection ""Noir"" (First production limited edition a) (with Blu-ray Disc) Https://t.co/NQclby1JXL 05/03 03:59 Nonbeda # 10: Best Selection ""Blanc"" (first production limited edition a) (with Blu-ray Disc) https://t.co/jV82yihfF0 05/03 03:59 Nonbeda # 4: [https: Co Limited] Medicated Even Listerine taste",http://geinoh.blog.so-net.ne.jp/2017-05-03,Not Spam
110,twitter.com,"[ choudersheldt15 ] I step out on the scene, looking clean as Listerine by choudersheldt15","[ choudersheldt15 ] I step out on the scene, looking clean as Listerine",http://twitter.com/choudersheldt15/statuses/869979633944412160,Not Spam
111,altara.blogspot.com,word definitions,"1. Coffee (n.), the person upon whom one coughs. 2. Flabbergasted (adj.), appalled over how much weight you have gained. 3. Abdicate (v.), to give up all hope of ever having a flat stomach. 4. Esplanade (v.), to attempt an explanation while drunk. 5. Willy-nilly (adj.), impotent. 6. Negligent (adj.), describes a condition in which you absentmindedly answer the door in your nightgown. 7. Lymph (v.), to walk with a lisp. 8. Gargoyle (n), olive-flavored mouthwash. 9. Flatulence (n.), emergency",http://altara.blogspot.com/2017/05/word-definitions.html,Spam
112,twitter.com,[ BJTHAMANN ] Weed taste the best after you brush your teeth and rinse your mouth out with Listerine by BJTHAMANN,[ BJTHAMANN ] Weed taste the best after you brush your teeth and rinse your mouth out with Listerine,http://twitter.com/BJTHAMANN/statuses/869556110222557184,Not Spam
113,joshuahealthtips.wordpress.com,"The Most Powerful Herb That Treats Stomach Aches, Arthritis,..."," people who have a lower blood pressure and thyme oil can raise and normalize the blood pressure levels. Tonic The thyme essential oil can boost circulation and support the nervous health, muscles, digestive health and the skin. Antiseptic The antiseptic properties are very powerful and can treat cuts and wounds, sores and also prevent infections. This capacity is due to the presence of Caryophyllene and Camphene. Antirheumatic Arthritis is the underlying cause of rheumatism and thyme oil can",https://joshuahealthtips.wordpress.com/2017/05/17/the-most-powerful-herb-that-treats-stomach-aches-arthritis-flu-diarrhea-sore-throat-and-viruses/,Not Spam
114,facebook.com,"Ab0036, Malaysia smile v Mouthwash Main ingredient: 1 ... by Lynn Tan","Ab0036, Malaysia smile v Mouthwash Main ingredient: 1 Virgin Coconut oil 2) lemon essential Oil 3 laurel and peppermint oil are refined from all natural vegetable oils, no chemical additives the safest white teeth, oral detoxification method at home can also easily whiten their teeth, effect Leazior # smile Artifact # White Teeth # Mouth Detox # Mouthwash Oil I",http://www.facebook.com/1762945307321303/posts/1950271481922017,Not Spam
115,drgeorgeduelloblog.blogspot.com,WEB MD Article Supports Proper Toothbrushing Techniques And ...," and loosen plaque from your teeth and gums. That plaque can cause gum disease and lead to tooth decay. “Sometimes people think that the harder the bristles are, the more they’ll clean. But that’s not something that’s necessarily true,” says Maricelle Abayon, a dentist with the Eastman Institute for Oral Health in Rochester, NY. “Soft bristles clean very effectively, more than the hard bristles. The hard bristles actually can wear down your tooth structure.” Look for the American Dental",http://drgeorgeduelloblog.blogspot.com/2017/05/web-md-article-supports-proper.html,Not Spam
116,facebook.com,Timeline Photos by The Dental Studio,Dental professionals recommend replacing your #toothbrush every 3 months #singaporemedicalgroup #smg #tds #thedentalstudio #oralhealth #healthyteethandgums #dentist #mouthwash #bacteria,http://www.facebook.com/120730018525/posts/10154681928743526,Not Spam
117,angel4light.wordpress.com,Herbal Oil: Rosemary Oil Benefits and Uses," shiny coats. This essential oil is a disinfectant and is often used as a mouthwash, helping remove bad breath. By removing oral bacteria, rosemary oil can prevent cavities, plaque buildup, and other dental issues. The mesmerizing aroma of rosemary is worth noting, too, making it an excellent inhalant. Rosemary oil is used in candles, perfumes, bath oils, fresheners, and cosmetics, boosting mental energy when inhaled. Used with 50:50 dilution, rosemary oil can be applied on ankles and wrists (two to",https://angel4light.wordpress.com/2017/05/16/herbal-oil-rosemary-oil-benefits-and-uses/,Not Spam
118,twitter.com,[ hearit4girls ] #NowPlaying Kate Nash Mouthwash https://t.co/nupyPW7Ed0 #streaming #streamingonline #music by hearit4girls,[ hearit4girls ] #NowPlaying Kate Nash Mouthwash https://t.co/nupyPW7Ed0 #streaming #streamingonline #music,http://twitter.com/hearit4girls/statuses/869993210097086464,Spam
119,yourinfernalmajesty1.tumblr.com,self care for when you hit rock bottom,"catstrus: i fucking hate self care posts made by neurotypicals so here’s one from someone who Actually Gets It -can’t shower or take a bath? me either. dry shampoo can make your hair look and feel cleaner, and baby wipes or makeup wipes work great to get the top layer of grime off your skin. -can’t wash your sheets and make your bed? i feel you. push your blankets out of the way and shake the crumbs off your sheet. it will at least be a bit more comfortable. -can’t even change out of your dirty",https://yourinfernalmajesty1.tumblr.com/post/160899296642,Not Spam
120,twitter.com,"[ Jacob_in_NorCal ] My wife just told me that my breath stinks and Listerine isn't cutting it and I should try scope. Not periscope though, apparently. Oh well by Jacob_in_NorCal","[ Jacob_in_NorCal ] My wife just told me that my breath stinks and Listerine isn't cutting it and I should try scope. Not periscope though, apparently. Oh well",http://twitter.com/Jacob_in_NorCal/statuses/869644205227954176,Not Spam
121,twitter.com,[Mirggi] @ Alejandritus23 @ NatpuntoG vinegar with bicarbonate to make sure he doesn't pee. The table will solve it with Listerine. by Mirggi,[Mirggi] @ Alejandritus23 @ NatpuntoG vinegar with bicarbonate to make sure he doesn't pee. The table will solve it with Listerine.,http://twitter.com/mirggi/statuses/869589126185725954,Not Spam
122,twitter.com,[BrERROR] This propaganda of Listerine who did it has to be trapped by BrERROR,[BrERROR] This propaganda of Listerine who did it has to be arrested,http://twitter.com/brERROR/statuses/870076763921158146,Not Spam
123,twitter.com,[ SustainbyKat ] Fun plant facts: Did you know the active ingredients for Listerine all come from plants?… https://t.co/ZDe6qAAUNC by SustainbyKat,[ SustainbyKat ] Fun plant facts: Did you know the active ingredients for Listerine all come from plants?… https://t.co/ZDe6qAAUNC,http://twitter.com/SustainbyKat/statuses/869672396327923712,Not Spam
124,voroskoromlakk.blogspot.com,SOLD OUT | March & April," the cat tusvonalnak is the ""farkincája"", there are always red kicsípte. Arctisztításra smoothly was using, it was a little bit better for oily skin; usually kipirosodtam him, but after half an hour gone. Overall, not sure about újravenném. Although not included in the above photo, but oral care in everything from ""it"". Z kill Listerin mouth-wash, tea fogkrémemet and Elmex fogkefémet is replaced. You what benefit were you really away lately? Mulberry",http://voroskoromlakk.blogspot.com/2017/05/elfogytak-marcius-aprilis.html,Not Spam
125,ideasnet.blogspot.com,Day 355: Sexism in Ads : Listerine,"The second one in this series is an ad printed in 1932 for Listerine. Well, they seem to have problems with the breath of a woman who is ready for her marriage. What about the man? Image Courtesy: Meena's iPhone",http://ideasnet.blogspot.com/2017/02/day-355-sexism-in-ads-listerine.html,Spam
126,twitter.com,[peurfec] @GC_HMY udh pake listerine sori. g by peurfec,[peurfec] @GC_HMY udh pake listerine sori. g,http://twitter.com/peurfec/statuses/869938639693688832,Not Spam
127,facebook.com,She put Listerine in a cotton and rubbed her armpits... Min... By tips and recipes,She put Listerine in a cotton and rubbed her armpits... Minutes later... Wow! I never imagined! See here: https://www.dicasdetudo.org/ela-colocou-listerine-num-algodao-e-esfregou-nas-axilas-m minutes-after-wow-never-imagined/click on the photo and check!!!,http://www.facebook.com/610051939023395/posts/1658139660881279,Spam
128,twitter.com,[ Bingo653 ] @SUNGLASSLASHER he gurgles listerine to transform by Bingo653,[ Bingo653 ] @SUNGLASSLASHER he gurgles listerine to transform,http://twitter.com/Bingo653/statuses/869923914788593664,Not Spam
129,twitter.com,[mepaa _] Do snaps snapped on me. My fragile heart. Pake aja blubbering listerine gargle. Pedes. by mepaa _,[mepaa _] Do snaps snapped on me. My fragile heart. Pake aja blubbering listerine gargle. Pedes.,http://twitter.com/mepaa_/statuses/870064977176010752,Not Spam
130,cheatsheet.com,15 Clever Ways to Use a Lemon You Never Thought of Before," your own, check out DIY Remedies for some suggestions. 12. Making a mouthwash Lemon juice can come in handy when you have bad breath. | iStock.com Rinsing your mouth with lemon juice probably isn’t the first bad-breath-go-to remedy that comes to mind. But if you’re in a pickle — or just ate a bunch of pickles — a little squirt of lemon will have you feeling fresh in no time. So, no need to go back to the office stinking of your tuna sandwich lunch; just keep a little lemon juice at your desk",http://www.cheatsheet.com/culture/clever-ways-to-use-a-lemon-you-never-thought-of-before.html/,Spam
131,asofiimartins.blogspot.com,Cruelty-free toothpaste that we can find in Anyth...,"(This image does not belong to me, I found it here) Since my last post of this genre ran too, today I decided to do one of the same genre about products for our teeth: from Elixirs, to toothpastes, dental wires, etc.! One essential for all of us in everyday! I leave you also a list of brands avoiding because they test on animals. Some brands to avoid Aquafresh Bexident (Isdin) Colgate Coirrigation Curaprox Eludril lacer Listerine Oral-B paradontax Pearl drops.",http://asofiimartins.blogspot.com/2017/05/pastas-de-dentes-cruelty-free.html,Not Spam
132,twitter.com,[ savyoungblood ] I JUST SWALLOWED A TON OF MOUTHWASH CAN I DIE FROM THIS SOMEONE HELP by savyoungblood,[ savyoungblood ] I JUST SWALLOWED A TON OF MOUTHWASH CAN I DIE FROM THIS SOMEONE HELP,http://twitter.com/savyoungblood/statuses/869887477510688768,Not Spam
133,twitter.com,"[ chrispoff84 ] @ScottQuinnell Well make sure you buy the essentials then. Mouthwash, crisps, haribo, toilet roll, family size bar of galaxy and spare pants by chrispoff84","[ chrispoff84 ] @ScottQuinnell Well make sure you buy the essentials then. Mouthwash, crisps, haribo, toilet roll, family size bar of galaxy and spare pants",http://twitter.com/chrispoff84/statuses/869997855519293440,Not Spam
134,twitter.com,[ DemichelisDDS ] Is mouthwash bad for your teeth? by DemichelisDDS,[ DemichelisDDS ] Is mouthwash bad for your teeth?,http://twitter.com/DemichelisDDS/statuses/869978574845083648,Not Spam
135,liz-stout.blogspot.com,Deadly Appalachia Fly Spray Recipe," our temperate Appalachian rainforest environment beautifully! I've been using it for 6 years now with wonderful results - it's definitely better than any store-bought I've tried. While the recipe can be made without the permethrin, I will tell you from experience that it won't be as effective. My BO is a medical professional and did some research into the toxicity of it in this recipe because so many people cry foul at chemicals these days. She noted that while yes, it can be toxic, in the",http://liz-stout.blogspot.com/2017/05/deadly-appalachia-fly-spray-recipe_17.html,Not Spam
136,brunnerfamilydental.wordpress.com,Managing Gum Disease,or tongue scraper to remove material from your tongue. Scrub larger gaps in between teeth with an inter proximal brush – a small pipe-cleaner-like tool that may remove material from wider spaces better than floss alone. Mouthwash Swishing with an antimicrobial rinse can prevent plaque build up and reduce gingivitis. But you still need to brush and floss to get the best results. Rinsing alone is not enough to remove the build up. Medical Treatments Deep cleaning If your gum disease had progressed,https://brunnerfamilydental.wordpress.com/2017/05/24/managing-gum-disease/,Not Spam
137,papajoesfables.wordpress.com,A Christmas Story:," remotely tolerable and the blurbs describing the content of the books I had not read pained my recently damaged gag reflex. So, I took a swig of Magic Mouthwash, forced myself out of bed and went searching the house for entertainment. Perhaps, I would surprise Santa Claus stealing Christmas presents. When I was just a young nubbin at Christmas time, I would pray that the gathering of my family for that joyous holiday would not end in a drunken brawl. That prayer was never answered. I also prayed I",https://papajoesfables.wordpress.com/2017/05/30/a-christmas-story/,Spam
138,dailyjokesquotesquizzlersandteases.wordpress.com,"Tuesday’s Jokes, Quotes, Quizzlers and Teases!"," who has been run over by a steamroller. Flusterpated: Being so flustered that words get bound up inside you. Frisbeetarianism: The belief that when one dies, the soul flies up to the roof and gets stuck there. Gargoyle: Olive flavor mouthwash. Generica: Features of the American landscape that are exactly the same no matter where one is, such as fast food joints, strip malls, subdivisions. Giraffiti: Vandalism spray-painted very, very high. Glibido: All talk and no action. Gossip: A person who",https://dailyjokesquotesquizzlersandteases.wordpress.com/2017/05/16/tuesdays-jokes-quotes-quizzlers-and-teases-49/,Not Spam
139,twitter.com,[ SendBack2Africa ] Timex listerine is just mad that the head represents her career    https://t.co/JK5B9T5CHC by SendBack2Africa,[ SendBack2Africa ] Timex listerine is just mad that the head represents her career    https://t.co/JK5B9T5CHC,http://twitter.com/SendBack2Africa/statuses/869994159523987457,Spam
140,square1dental.wordpress.com,Why Do We Have Morning Breath?," those who don’t, she adds. In both situations, your mouth is even more prone to drying out, setting the stage for bacteria to grow. Other Causes of Bad Breath Some medications can cause your mouth to become dry overnight, worsening your halitosis. That’s why older people, who are often on many medications, frequently find their breath more unpleasant in the morning. Smokers also may find they have bad morning breath. Smoking not only causes your saliva — your natural mouth rinse — to dry up but also",https://square1dental.wordpress.com/2017/05/17/why-do-we-have-morning-breath/,Not Spam
141,facebook.com,Listerine: 10 Incredible And Surprising Uses Every Woman Sho... by Princess Pinky Girl,"We all know it helps with stinky breath, but did you know mouthwash can actually be used in a ton of cool ways? Definitely trying this tonight! Because I like to be prepared for any situation, my medicine cabinet is absolutely overflowing with all kinds of natural and drugstore products. And while I’ve used several of these bathroom items for surprising health and household hacks — like my ever-useful container of VapoRub — I never thought…",http://www.facebook.com/601941506511353/posts/1418289828209846,Not Spam
142,jsg-karscht.de,The particular Good thing about My Pastime : A good Quite sh...," care of an important nice and clean value for some really good spectre writing. You’ll observe readership what person draw in writings, photos as well as videos. Autobiography works aren’t dependant upon whatever prominent personalities. Mouthwash must be used every single day by means of many patients throughout the usa. Mostly, there will probably turn out to be more bedsheets whether it’s one-ply and lower if at all two-ply. Anytime your advantages is completed, buy a place started with all the",http://jsg-karscht.de/2017/05/30/the-particular-good-thing-about-my-pastime-a-good-quite-short-seek/,Spam
143,twitter.com,"[ ImNotBigBoned ] @TheOneCalledSid Chef, this man has overdosed on listerine and is now threatening to scalp me. I dont fear for my l… https://t.co/ZutZXzwAoT by ImNotBigBoned","[ ImNotBigBoned ] @TheOneCalledSid Chef, this man has overdosed on listerine and is now threatening to scalp me. I dont fear for my l… https://t.co/ZutZXzwAoT",http://twitter.com/ImNotBigBoned/statuses/869810918795993089,Not Spam
144,twitter.com,[ NearDistance ] @joeheenan @TwopTwips Save some cash and just drink the Listerine - potent AND fresh. by NearDistance,[ NearDistance ] @joeheenan @TwopTwips Save some cash and just drink the Listerine - potent AND fresh.,http://twitter.com/NearDistance/statuses/870015203655774208,Not Spam
145,facebook.com,"Queenie MA: Everybody started smile v. Shan ""Pull the oil"" is not what you imagined ""greasy feel"" Smile v ... by Ainsely Teh","Queenie MA: Everyone is starting to smile v. Shan ""Pull the oil"" is not what you think. ""Greasy feel"" smile v Mouthwash oil Pulling don't feel greasy and don't feel nauseous. The fragrance of coconut oil is very fragrant and refreshing Fr Silev absolutely break your imagination Wechat: Ainsely711",http://www.facebook.com/1195256257173576/posts/1601020333263831,Spam
146,facebook.com,Photos from Joey Joey's post by Joey Joey,Lazior Smile v Mouthwash free-Kuala Lumpur Lazior Smile v Mouthwash The secret weapon of the white teeth want to have a long yellow tooth to find me ✔ The bad breath ✔ The smoker ✔ The tooth person ✔ Gums The Silev is definitely your best helper. # Day Clinical Witness # White Teeth # clean up leftover dirt smile v let you have a healthy tooth oh Shan,http://www.facebook.com/418749048246545/posts/1281558731965568,Spam
147,twitter.com,[ xxtraaaa ] Handed my patient some listerine and told her Dr wants her to rinse with it b4 we start    I wasn't bouta work on her mouth like that     ‍♀️ by xxtraaaa,[ xxtraaaa ] Handed my patient some listerine and told her Dr wants her to rinse with it b4 we start    I wasn't bouta work on her mouth like that     ‍♀️,http://twitter.com/xxtraaaa/statuses/869646832095305732,Not Spam
148,rafandmaude.blogspot.com,Reunion 2017 week," swishing with mouthwash multiple times each day. I will see if this time the dentist will just yank it so my bottom teeth will get a bit of breathing room? We will see. You're starting to figure out what your real concerns are about. You know there has to be an actual meeting between you and an intimate partner about what really matters to you. At the moment you may feel like you're a world apart, though actual sharing and listening will work wonders. It’s important to stay on top of things now no",http://rafandmaude.blogspot.com/2017/05/reunion-2017-week.html,Not Spam
149,eastondentists.com,Toothbrush Do’s And Don’ts," every two months on average. After each time you brush, be sure to store your toothbrush upright to allow the bristles to dry quickly, and it should always be kept away from the sink or toilet to avoid contamination. When you travel, make sure your toothbrush is completely dry before packing it. Don’t: Leave Your Toothbrush Exposed to Germs One of the easiest ways to avoid contamination is to let it completely dry because bacteria can’t grow or survive on dry bristles. Don’t place a wet",http://www.eastondentists.com/emergencydentistcolumbusohio/toothbrush-dos-donts/,Not Spam